title,sentence,sentiment_dict,sentiment_total,[u],[p],[s],[cc],[cs],annotations
"excellent phone , excellent service .",i am a business user who heavily depend on mobile service .,{},0,False,False,False,False,False,
"excellent phone , excellent service .","there is much which has been said in other reviews about the features of this phone , it is a great phone , mine worked without any problems right out of the box .","{'phone': 3, ', work': 2}",5,False,False,False,False,False,"phone[+3], work[+2]"
"excellent phone , excellent service .",just double check with customer service to ensure the number provided by amazon is for the city / exchange you wanted .,{},0,False,False,False,False,False,
"excellent phone , excellent service .","after several years of torture in the hands of at&t customer service i am delighted to drop them , and look forward to august 2004 when i will convert our other 3 family-phones from at&t to t-mobile !",{'at&t customer service': -2},-2,False,False,False,False,False,at&t customer service[-2]
"excellent phone , excellent service .","i have had the phone for 1 week , the signal quality has been great in the detroit area ( suburbs ) and in my recent road trip between detroit and northern kentucky ( cincinnati ) i experienced perfect signal and reception along i-75 , far superior to at &#38; t 's which does not work along several long stretches on that same route .",{'signal quality': 3},3,False,False,False,False,False,signal quality[+3]
"excellent phone , excellent service .","i have owned motorola , panasonic and nokia phones over the last 8 years and generally prefer nokia , this phone combines many of the best nokia features , the only feature missing for me is the voice recognition .",{},0,False,False,False,False,False,
"excellent phone , excellent service .","my favorite features , although there are many , are the speaker phone , the radio and the infrared .","{'speaker phone': 2, ',radio': 2, ',infrared': 2}",6,False,False,False,False,False,"speaker phone[+2],radio[+2],infrared[+2]"
"excellent phone , excellent service .","the speaker phone is very functional and i use it in the car , very audible even with freeway noise .",{'speaker phone': 2},2,False,False,False,False,False,speaker phone[+2]
"excellent phone , excellent service .","the infrared is a blessing if you have a previous nokia and want to transfer your old phone book to this phone , saved me hours of re-entering my numbers .",{'infrared': 2},2,False,False,False,False,False,infrared[+2]
"excellent phone , excellent service .","the combination of the nokia 6610 and t-mobile service ( signal , price , service ) is a winner , i highly recommend it .",{},0,False,False,False,False,False,
"good phone , so-so service .",the day finally arrived when i was sure i 'd leave sprint .,{'sprint': -2},-2,False,False,False,False,False,sprint[-2]
"good phone , so-so service .","after years with that carrier 's expensive plans and horrible customer service , portability seemed heaven-sent .","{'sprint plan': -2, ',sprint customer service': -3}",-5,False,False,False,False,False,"sprint plan[-2],sprint customer service[-3]"
"good phone , so-so service .","i 'd always eyed the nokia phones and had heard decent things about t-mobile , so i gave it a whirl .",{},0,False,False,False,False,False,
"good phone , so-so service .","here 's the brief synopsis : the phone is tiny , cute , feels kind of "" plastic-like "" ( as if it might break ) , but seems pretty sturdy .","{'size': 1, '[u], sturdy': 2}",3,True,False,False,False,False,"size[+1][u], sturdy[+2]"
"good phone , so-so service .","it has lots of little cute features , my favorite being the games and the pim ( personal information manager -- i.e. organizer ) , and the radio !","{'game': 2, ',pim': 2, ',radio': 2}",6,False,False,False,False,False,"game[+2],pim[+2],radio[+2]"
"good phone , so-so service .","i spent hours setting up the stations ( accepts about 13-14 , i believe ) , though the reception is unpredictable .",{'reception': -2},-2,False,False,False,False,False,reception[-2]
"good phone , so-so service .","also , you need to have the headset plugged in all the time to have the radio work and that can get tedious .",{},0,False,False,False,False,False,
"good phone , so-so service .",the headset that comes with the phone has good sound volume but it hurts the ears like you cannot imagine !,"{'sound volume': 1, ', ear': -2}",-1,False,False,False,False,False,"sound volume[+1], ear[-2]"
"good phone , so-so service .","the phone comes with okay ringtones , some decent backgrounds / screensavers , but the phone has very little memory ( mine had 230kb as it arrived from amazon , so you do n't have too many options on what you can put on there ) .","{'ringtone': 1, ',background': 1, ',screensaver': 1, ',memory': -2}",1,False,False,False,False,False,"ringtone[+1],background[+1],screensaver[+1],memory[-2]"
"good phone , so-so service .",the colors on the screen are not as crisp as i 'd have liked them to be .,{'color': -2},-2,False,False,False,False,False,color[-2]
"good phone , so-so service .","however , it serves its purpose .",{},0,False,False,False,False,False,
"good phone , so-so service .","the backlight on the phone goes off way too quickly ( dangerous when you 're driving at night ) , and there 's no way to change this --",{'backlight': -1},-1,False,False,False,False,False,backlight[-1]
"good phone , so-so service .",i checked with nokia .,{},0,False,False,False,False,False,
"good phone , so-so service .","the buttons on the phone are small , even for my small fingertips , but you get used to them rather quickly .",{'button': -1},-1,False,False,False,False,False,button[-1]
"good phone , so-so service .","the menu options are uncreative , as you can 't see a full screen of menu items to pick from ; you have to scroll up and down to find what you 're looking for ( yes , this is minor , but not when you 're trying to keep your eye on the road ! ) .",{'menu options': -1},-1,False,False,False,False,False,menu options[-1]
"good phone , so-so service .",more downside to this phone ?,{},0,False,False,False,False,False,
"good phone , so-so service .",the volume .,{'volume': -2},-2,False,False,False,False,False,volume[-2]
"good phone , so-so service .",oh my goodness --,{},0,False,False,False,False,False,
"good phone , so-so service .",i have excellent hearing but the volume level on this phone is especially quiet .,{'volume': -2},-2,False,False,False,False,False,volume[-2]
"good phone , so-so service .",forget talking on it in public -- you just can 't hear the other person !,{},0,False,False,False,False,False,
"good phone , so-so service .","on the up-side , the phone has amazing battery life .",{'battery life': 3},3,False,False,False,False,False,battery life[+3]
"good phone , so-so service .","i do like this phone overall ( would give it a 3.5 ) , but unforutnately , i am returning it .",{'phone': 2},2,False,False,False,False,False,phone[+2]
"good phone , so-so service .",i was surprised by t-mobile 's service .,{},0,False,False,False,False,False,
"good phone , so-so service .","i assumed they had exceptional service , but their reception in my area ( los angeles ) is horrendous .",{'t-mobile reception': -3},-3,False,False,False,False,False,t-mobile reception[-3]
"good phone , so-so service .",reason ?,{},0,False,False,False,False,False,
"good phone , so-so service .",they piggy-back on cingular 's service .,{},0,False,False,False,False,False,
"good phone , so-so service .","also , their t-zones , although cheap ( $ 4.99 / mo. ) never works .",{'t-zone': -3},-3,False,False,False,False,False,t-zone[-3]
"good phone , so-so service .","since i received the phone , i spent countless hours on the phone with customer service reps who promised t-zones would work "" in 24 hours "" .",{'customer service': -2},-2,False,False,False,False,False,customer service[-2]
"good phone , so-so service .","i must have heard this about a dozen times over the span of 2 weeks , when t-zones never worked .",{'t-zone': -2},-2,False,False,False,False,False,t-zone[-2]
"good phone , so-so service .",24 hours ?,{},0,False,False,False,False,False,
"good phone , so-so service .",by what time standards -- martian ?,{},0,False,False,False,False,False,
"good phone , so-so service .","apparently , t-mobile is heavily back-logged and can 't keep up with demands .",{'t-mobile': -2},-2,False,False,False,False,False,t-mobile[-2]
"good phone , so-so service .","also , they 'd forgotten to add "" wap "" capability to my service ( duh ) , so that took another 4-5 days of figuring out .",{},0,False,False,False,False,False,
"good phone , so-so service .","in all fairness , customer reps are very nice , and they ( most of them ) try hard to answer your questions .",{'customer rep': 2},2,False,False,False,False,False,customer rep[+2]
"good phone , so-so service .","but they do have this annoying habit of asking you if they 've answered all your questions , even if they did n't , to which they always seem to expect a "" yes "" answer from you .",{},0,False,False,False,False,False,
"good phone , so-so service .","i realize this is for quality assurance purposes , but i should have the right to say when my questions have not been answered ( i.e. me :",{},0,False,False,False,False,False,
"good phone , so-so service .",""" when will my t-zones work ? "" , csr :",{},0,False,False,False,False,False,
"good phone , so-so service .",""" i 'm not sure "" . ) .",{},0,False,False,False,False,False,
"good phone , so-so service .","umm , well , thanks for nothing .",{},0,False,False,False,False,False,
"good phone , so-so service .","this one csr insisted on trying to get me to say that he 'd answered all my questions ( same interaction as i just described ) , and well .. .",{},0,False,False,False,False,False,
"good phone , so-so service .",that was annoying .,{},0,False,False,False,False,False,
"good phone , so-so service .","t-mobile is trying very hard , and again -- they do have pretty good csr 's .",{'csr': 1},1,False,False,False,False,False,csr[+1]
"good phone , so-so service .","however , the calls constantly drop in my area and i experince mega-static , to the point where i 'd have to dial numbers 6-7 times to get a clear line .",{'call': -2},-2,False,False,False,False,False,call[-2]
"good phone , so-so service .",and no t-zones .,{},0,False,False,False,False,False,
"good phone , so-so service .",so what 's the point ?,{},0,False,False,False,False,False,
"good phone , so-so service .","i 'm staying with sprint , and though i fear that their csr is n't nearly as good as t-mobile 's , the clarity of their reception is exceptional .",{'sprint': 1},1,False,False,False,False,False,sprint[+1]
"good phone , so-so service .",i 've bought the very expensive sanyo 5500/vm4500 -- which i love -- and i 'm okay with my services .,{},0,False,False,False,False,False,
"good phone , so-so service .",guess all that glitters is not gold .,{},0,False,False,False,False,False,
"good phone , so-so service .",it was worth a shot -- too bad it did n't work out .,{},0,False,False,False,False,False,
"good phone , so-so service .",hope someone else has better luck !,{},0,False,False,False,False,False,
the phone refused to die .,i bought one of these phones in kuwait to use with the mtc prepaid telephone service ez because i would be able to use it when i return to the states with t-mobile .,{},0,False,False,False,False,False,
the phone refused to die .,recently i accidently washed my telephone with my laundry through two complete 18 minute wash cycles of a washing machine .,{},0,False,False,False,False,False,
the phone refused to die .,"disgusted with myself after i found the phone in the bottom of the washing machine , i was about to throw it away when one of my fellow soldiers asked if he could dry it out for me in an effort to revive the phone .",{},0,False,False,False,False,False,
the phone refused to die .,two days later the phone was returned to me in complete working order .,{},0,False,False,False,False,False,
the phone refused to die .,"while i like the performance of the phone in every regard , i would buy another one solely upon the apparent indestructibility of it .",{'phone performance': 3},3,False,False,False,False,False,phone performance[+3]
the phone refused to die .,i highly recommend a nokia 6610 .,{'nokia': 3},3,False,False,False,False,False,nokia[+3]
best phone for free .,"i 've had an assortment of cell phones over the years ( motorola , sony ericsson , nokia etc. ) and in my opinion , nokia has the best menus and promps hands down .",{},0,False,False,False,False,False,
best phone for free .,no other color phone has the combination of features that the 6610 offers .,{'feature': 2},2,False,False,False,False,False,feature[+2]
best phone for free .,"from the speakerphone that can be used up to 15 feet away with clarity , to the downloadable poly-graphic megatones that adds a personal touch to this nifty phone .",{'speakerphone': 2},2,False,False,False,False,False,speakerphone[+2]
best phone for free .,"whether you 're taking a brisk jog , waiting for a bus or just having lunch at the park , you 'll be glad you had the fm radio .",{'radio': 2},2,False,False,False,False,False,radio[+2]
best phone for free .,"wish it were a flip phone , but thats not a deal breaker !",{},0,False,False,False,False,False,
glad to own .,i have had this phone for about 5 months .,{},0,False,False,False,False,False,
glad to own .,i treat the battery well and it has lasted .,{'battery': 2},2,False,False,False,False,False,battery[+2]
glad to own .,"at my heaviest usage , i must recharge after 3 days .",{},0,False,False,False,False,False,
glad to own .,it lasts about 5 days otherwise and has lasted up to 10 when i was making very few calls .,{},0,False,False,False,False,False,
glad to own .,signal strength will affect the battery life .,{},0,False,False,False,False,False,
glad to own .,frequent signal searches eat up battery power .,{},0,False,False,False,False,False,
glad to own .,"i took great care of the screen , till i realized that the part that might get scratched is part of the cover .",{},0,False,False,False,False,False,
glad to own .,i can replace that if the scratch is unbearable to look at .,{},0,False,False,False,False,False,
glad to own .,the volume level of the phone is not all that good .,{'volume': -2},-2,False,False,False,False,False,volume[-2]
glad to own .,"some of the higher pitched rings are very easy to hear , but not easy to listen to .",{'ring': -1},-1,False,False,False,False,False,ring[-1]
glad to own .,the more subtle tones that were included with the phone are hard to hear at times .,{'tone': -2},-2,False,False,False,False,False,tone[-2]
glad to own .,the vibration is not top .,{'vibration': -1},-1,False,False,False,False,False,vibration[-1]
glad to own .,"it is a teeny phone , so it is hard to put a big mechanism in .",{},0,False,False,False,False,False,
glad to own .,"i do n't use the vibration , because it is often easier to hear it vibrate then to feel it .",{},0,False,False,False,False,False,
glad to own .,vibration was not even listed as a feature when i purchased this .,{},0,False,False,False,False,False,
glad to own .,so it was no loss .,{},0,False,False,False,False,False,
glad to own .,overall this has been my favorite phone that i have owned .,{'phone': 2},2,False,False,False,False,False,phone[+2]
glad to own .,"great battery life , perfect size , but a tid bit quieter than i would like .","{'battery life': 2, ',size': 2, ',volume': -1}",3,True,False,False,False,False,"battery life[+2],size[+2],volume[-1][u]"
glad to own .,i do hope that they offer more faceplate options .,{},0,False,False,False,False,False,
glad to own .,i am bored with the silver look .,{'look': -1},-1,True,False,False,False,False,look[-1][u]
cool .,it has a nice color screen .,{'color screen': 2},2,False,False,False,False,False,color screen[+2]
cool .,it is small .,{'size': 1},1,True,False,False,False,False,size[+1][u]
cool .,"radio is awsome , but it does n't work unless you have the earpice in .","{'radio': 2, ', radio': -1}",1,False,False,False,False,False,"radio[+2], radio[-1]"
cool .,"that is a major minus , but its not that bad .",{},0,False,False,False,False,False,
cool .,t-mobile was a pretty good server .,{'t-mobile': 2},2,False,False,False,False,False,t-mobile[+2]
cool .,it has 2 games .,{},0,False,False,False,False,False,
cool .,they are not wowable good .,{'game': -2},-2,False,True,False,False,False,game[-2][p]
cool .,you have to buy better ones .,{},0,False,False,False,False,False,
cool .,it also does n't have voice activated dialing . big minus ! !,{'voice dialing': -2},-2,False,False,False,False,False,voice dialing[-2]
"great phone , but no warranty !","this is a very nice phone , but there is no warranty on it .","{'phone': 2, ',warranty': -2}",0,False,False,False,False,False,"phone[+2],warranty[-2]"
"great phone , but no warranty !",nokia will not cover phones bought from amazon .,{},0,False,False,False,False,False,
"great phone , but no warranty !",we got two phones for the t-mobile family plan ( indeed very easy to switch to the family plan ) and one came with a broken headphone ( can hear but cannot be heard ) and one died today after less than two weeks of use .,{'phone': -2},-2,False,False,False,False,False,phone[-2]
"great phone , but no warranty !",i 'll see how much help i can get from amazon and report back .,{},0,False,False,False,False,False,
menu flaws ? mine could n't send text messages .,i upgraded to a 6610 at my local t-mobile store .,{},0,False,False,False,False,False,
menu flaws ? mine could n't send text messages .,"when i got it home , i discovered that the menu options for sending messages via either text or email simply were n't there :",{'message': -2},-2,False,False,False,False,False,message[-2]
menu flaws ? mine could n't send text messages .,it defaulted to unchangeable email .,{},0,False,False,False,False,False,
menu flaws ? mine could n't send text messages .,"so i spent half an hour on the phone with tech support , only to have the online tech person pull one off the shelf and tell me he had the same problem .",{},0,False,False,False,False,False,
menu flaws ? mine could n't send text messages .,"i returned to the store , whereupon the clerk insisted that he could make it work ; he could n't .",{},0,False,False,False,False,False,
menu flaws ? mine could n't send text messages .,"he spent another half hour on the phone with tech support , to no avail .",{},0,False,False,False,False,False,
menu flaws ? mine could n't send text messages .,"so i had to give up and return it , having lost about 4 hours .",{},0,False,False,False,False,False,
menu flaws ? mine could n't send text messages .,"while i had the phone , the positive features were : good sound quality and an excellent fm phone and earpiece .","{'sound quality': 2, ', fm': 1, ', earpiece': 1}",4,False,False,False,False,False,"sound quality[+2], fm[+1], earpiece[+1]"
menu flaws ? mine could n't send text messages .,"negative : impossibly tiny and difficult to operate , barely visible , power button .","{'size': -2, '[u], operate': -2, '[u], button': -2}",-6,True,False,False,False,False,"size[-2][u], operate[-2][u], button[-2]"
menu flaws ? mine could n't send text messages .,poor visibility on the keys .,{'key': -2},-2,False,False,False,False,False,key[-2]
menu flaws ? mine could n't send text messages .,you have to tilt the phone around to catch the light on them .,{},0,False,False,False,False,False,
great speakerphone and great reception ! ! reccomend !,the title says it all ...,{},0,False,False,False,False,False,
great speakerphone and great reception ! ! reccomend !,"the two biggest things is the excellent working speakerphone "" unlike the nokia 3650 "" and the superb reception nokia is known for in the gsm phones they make ...","{'speakerphone': 3, ', reception': 2}",5,False,False,False,False,False,"speakerphone[+3], reception[+2]"
great speakerphone and great reception ! ! reccomend !,only con i can think of is no camera ... .,{'camera': -1},-1,False,False,False,False,False,camera[-1]
great speakerphone and great reception ! ! reccomend !,no big deal for the size . .,{},0,False,False,False,False,False,
great speakerphone and great reception ! ! reccomend !,this phone is a winner ...,{'phone': 2},2,False,False,False,False,False,phone[+2]
perfect .,"anything this phone does , it does perfectly .",{'phone': 3},3,False,False,False,False,False,phone[+3]
perfect .,"the speakerphone , the radio , all features work perfectly .","{'speakerphone': 3, ',radio': 3}",6,False,False,False,False,False,"speakerphone[+3],radio[+3]"
perfect .,the speakerphone :,{},0,False,False,False,False,False,
perfect .,this phone has a very cool and useful feature -- the speakerphone .,{'speakerphone': 3},3,False,False,False,False,False,speakerphone[+3]
perfect .,as said before this works perfectly .,{'speakerphone': 3},3,False,True,False,False,False,speakerphone[+3][p]
perfect .,you can adjust the volume to be heard anywhere or so that it does n't make that big of a disturbance .,{'volume': 1},1,False,False,False,False,False,volume[+1]
perfect .,the person on the other end of the call can hear you perfectly .,{'speakerphone': 1},1,True,False,False,False,False,speakerphone[+1][u]
perfect .,you can be up to about 3 feet away from it and it will still work perfectly .,{'speakerphone': 3},3,True,False,False,False,False,speakerphone[+3][u]
perfect .,"only one complaint about the speakerphone , you can only activate the speakerphone feature once the person you are calling answers the phone , not while it is ringing .",{'speakerphone': -1},-1,False,False,False,False,False,speakerphone[-1]
perfect .,the radio :,{},0,False,False,False,False,False,
perfect .,this phone is one of the few phones that have an fm radio tuner built in .,{'radio': 2},2,False,False,False,False,False,radio[+2]
perfect .,"this radio receives fairly decent reception but not nearly as good as a normal radio , but as long as the stations are coming in clearly the phone 's radio should work perfectly .",{'radio': 2},2,False,False,False,False,False,radio[+2]
perfect .,tri-band :,{},0,False,False,False,False,False,
perfect .,"one highly beneficial feature of this phone ( at least to me ) is that it can be used anywhere in the world except a few countries that do not use gsm , a few in asia .",{},0,False,False,False,False,False,feature
perfect .,i bought this phone for my trip to south africa and it worked almost perfectly .,{'phone': 2},2,False,False,False,False,False,phone[+2]
perfect .,the only problem i had was a small glitch with t-mobile .,{'t-mobile': -1},-1,False,False,False,False,False,t-mobile[-1]
perfect .,anywhere i went in south africa this phone received full bar reception .,{'reception': 3},3,False,False,False,False,False,reception[+3]
perfect .,"if it worked like that in south africa , i imagine it would just work without a hitch in europe .",{},0,False,False,False,False,False,
perfect .,sold in other parts of the world :,{},0,False,False,False,False,False,
perfect .,another benefit of this phone is that it is truly an international phone ; the 6610 is sold in almost everywhere in the world .,{'phone': 2},2,False,False,False,False,False,phone[+2]
perfect .,this means that there is a good chance that this phone will not break easily like typical american phones .,{'phone': 2},2,False,False,False,False,False,phone[+2]
perfect .,"or on the rare occasion it does you can bring it into any t-mobile store , which are located in many countries in europe .",{},0,False,False,False,False,False,
perfect .,i cannot stress enough how big of a benefit it is to have a european phone and a european company providing your cell phone service .,{},0,False,False,False,False,False,
perfect .,able to use service in another country :,{},0,False,False,False,False,False,
perfect .,"if you decide to go to another country for an extended period of time , you can just buy a sim card from a service provider in that country .",{},0,False,False,False,False,False,
perfect .,you would then have a phone number in that country and not have to pay for international roaming in that country .,{},0,False,False,False,False,False,
perfect .,size and weight :,{},0,False,False,False,False,False,
perfect .,"when you put this phone in your pocket you forget it is there ; it is unbelievably small and oh , so light .","{'size': 2, ',weight': 2}",4,False,False,False,False,False,"size[+2],weight[+2]"
perfect .,"this is a benefit for many reasons ; one being just for appearance , your pants wo n't be bulging with this phone in your pocket .",{'size': 2},2,False,False,False,False,False,size[+2]
perfect .,battery life :,{},0,False,False,False,False,False,
perfect .,the battery life on this phone is surreal .,{'battery life': 3},3,False,False,False,False,False,battery life[+3]
perfect .,"it lasts , truly , 7 days on standby .",{},0,False,False,False,False,False,
perfect .,i 've used the speakerphone for almost two hours once and the battery did not even go down one single bar .,{'battery': 2},2,False,False,False,False,False,battery[+2]
perfect .,it is amazing that the battery lasts so long when the phone is so small and light .,{'battery': 2},2,False,False,False,False,False,battery[+2]
perfect .,"this phone has many other features , ir , ; just to name one , the features above i view as the most beneficial .",{'phone': 2},2,False,False,False,False,False,phone[+2]
perfect .,"the phone has a few minor inconveniences , but only because it lacks those features , bluetooth and high spend internet , but there are very few problems with things that you expected this phone to do .","{'bluetooth': -1, ',high speed internet': -1}",-2,False,False,False,False,False,"bluetooth[-1],high speed internet[-1]"
perfect .,"overall , i highly recommend this phone .",{'phone': 3},3,False,False,False,False,False,phone[+3]
perfect .,it is a perfect phone in such a small and appealing package .,{'phone': 3},3,False,False,False,False,False,phone[+3]
so far i am more than pleased .,i love the pros and cons reviews so here ya go :,{},0,False,False,False,False,False,
so far i am more than pleased .,pros :,{},0,False,False,False,False,False,
so far i am more than pleased .,size - extremely small and convenient will fit in your pocket and not bother you .,{'size': 3},3,False,False,False,False,False,size[+3]
so far i am more than pleased .,"sound - excellent polyphonic ringing tones are very nice ( check cons ) it also doubles as a radio , which is a nice feature when you are bored .","{'ringing tone': 3, ',radio': 2}",5,False,False,False,False,False,"ringing tone[+3],radio[+2]"
so far i am more than pleased .,speakerphone - loud and clear has some nice extra features like currency converter and a stopwatch .,{'speakerphone': 2},2,False,False,False,False,False,speakerphone[+2]
so far i am more than pleased .,"surfing the web on it is nice as well , i just wish there were more wap pages available .",{'web': 2},2,False,False,False,False,False,web[+2]
so far i am more than pleased .,cons :,{},0,False,False,False,False,False,
so far i am more than pleased .,"ring tones only come with crazy songs and annoying rings , there is only one ring that sounds close to a regular ring .",{'ring tone': -2},-2,False,False,False,False,False,ring tone[-2]
so far i am more than pleased .,the screen is easily scratched but if you have the warranty you should be able to swap it out .,{'screen': -2},-2,False,False,False,False,False,screen[-2]
so far i am more than pleased .,games kind of stink and you cant download them you have to get the link cable to get additional games .,{'game': -2},-2,False,False,False,False,False,game[-2]
great buy .,nice little phone ... light compact . .,"{'phone': 2, ',size': 2}",4,False,False,False,False,False,"phone[+2],size[+2]"
great buy .,great features . .,{},0,False,False,False,False,False,
great buy .,buttons do seem a little sticky tho .. and the hands free kits ' connector might be a problem ..,{'button': -2},-2,False,False,False,False,False,button[-2]
it works ... as a phone !,"perhaps there is a tone of irony in the title of my review , but i actually mean it in earnest .",{},0,False,False,False,False,False,
it works ... as a phone !,after having had my heart broken by a sexy piece of hardware that simply would n't perform .,{},0,False,False,False,False,False,
it works ... as a phone !,"i replaced it with this not-quite-so-dazzling , but definitely more functional device .",{},0,False,False,False,False,False,
it works ... as a phone !,"although the nokia 6610 is a little short on the features department , it is an outstanding piece of hardware for doing what it was primarily meant to do : to be a wireless telephone .",{'wireless telephone': 2},2,False,False,False,False,False,wireless telephone[+2]
it works ... as a phone !,the reception and sound quality are top-notch .,"{'reception': 3, ',sound quality': 3}",6,False,False,False,False,False,"reception[+3],sound quality[+3]"
it works ... as a phone !,"i can routinely talk on the phone in my house in the suburbs , which is an unaccustomed luxury , even with t-mobile service .",{},0,False,False,False,False,False,
it works ... as a phone !,i like the size and weight of this little critter .,"{'size': 2, ',weight': 2}",4,False,False,False,False,False,"size[+2],weight[+2]"
it works ... as a phone !,"i am able to carry it close to my body , in places where other phones are not so easily concealed .",{'size': 2},2,True,False,False,False,False,size[+2][u]
it works ... as a phone !,"the keys are close together , and the layout is a bit funky in relation to standard rectangular layout keypads , but it 's not too weird .",{'layout': -1},-1,False,False,False,False,False,layout[-1]
it works ... as a phone !,"the fact that the "" 0 "" key is the space key for text input is a bit confusing , as many phones use the "" # "" key instead .",{'key': -1},-1,False,False,False,False,False,key[-1]
it works ... as a phone !,but that 's not an insurmoutable obstacle .,{},0,False,False,False,False,False,
it works ... as a phone !,"the screen is bright , easy to see in the daylight , with nice colors .",{'screen': 2},2,False,False,False,False,False,screen[+2]
it works ... as a phone !,it receives very nice mms pictures from other gsm phones .,{'picture': 2},2,False,False,False,False,False,picture[+2]
it works ... as a phone !,there are some features in the user interface that i find a little inconvenient .,{'user interface': -1},-1,False,False,False,False,False,user interface[-1]
it works ... as a phone !,"the menu options appear one at a time , taking up the whole screen , and one has to scroll down one by one , or have memorized where they are in the menu order , to select them by using the number keypad .",{'menu option': -1},-1,False,False,False,False,False,menu option[-1]
it works ... as a phone !,thumbs down on that one .,{},0,False,False,False,False,False,
it works ... as a phone !,the vibrate setting is loud !,{'vibrate setting': -2},-2,False,False,False,False,False,vibrate setting[-2]
it works ... as a phone !,"so loud , really , that it does n't work terribly well as a silent ringer option .",{'vibrate setting': -2},-2,False,True,False,False,False,vibrate setting[-2][p]
it works ... as a phone !,"but , then again , the ringer can be so loud that i heard it ringing inside my office , when i was already out on the street .. .",{'ringer': 1},1,False,False,False,False,False,ringer[+1]
it works ... as a phone !,"which was a good thing , because i realized i had forgotten my phone ...",{},0,False,False,False,False,False,
it works ... as a phone !,other things that i miss are voice-activated dialing and a standard 2.5 mm headset jack .,"{'voice dialing': -1, ',headset jack': -1}",-2,False,False,False,False,False,"voice dialing[-1],headset jack[-1]"
it works ... as a phone !,"i 'd like a camera phone , but i 'd rather have a phone than a toy that takes pictures but makes no calls ...",{},0,False,False,False,False,False,
it works ... as a phone !,pros :,{},0,False,False,False,False,False,
it works ... as a phone !,"- light , compact design","{'weight': 1, ', design': 1}",2,False,False,False,False,False,"weight[+1], design[+1]"
it works ... as a phone !,"- solid , high-quality construction",{'construction': 2},2,False,False,False,False,False,construction[+2]
it works ... as a phone !,- well-backlit keypad,{'keypad': 1},1,False,False,False,False,False,keypad[+1]
it works ... as a phone !,- outstanding signal reception,{'reception': 3},3,False,False,False,False,False,reception[+3]
it works ... as a phone !,- excellent sound quality,{'sound quality': 2},2,False,False,False,False,False,sound quality[+2]
it works ... as a phone !,"- bright , visible screen",{'screen': 1},1,False,False,False,False,False,screen[+1]
it works ... as a phone !,- speakerphone,{'speakerphone': 1},1,False,False,False,False,False,speakerphone[+1]
it works ... as a phone !,- very long-lasting battery life,{'battery life': 2},2,False,False,False,False,False,battery life[+2]
it works ... as a phone !,cons :,{},0,False,False,False,False,False,
it works ... as a phone !,- some features in the user interface,{'user interface': -1},-1,False,False,False,False,False,user interface[-1]
it works ... as a phone !,- no voice activated dialing ( what were they thinking,{'voice dialing': -1},-1,False,False,False,False,False,voice dialing[-1]
it works ... as a phone !,- no option for caller-id pictures or individualized ringtones .,"{'picture': -1, ', ringtone': -1}",-2,False,False,False,False,False,"picture[-1], ringtone[-1]"
it works ... as a phone !,- no propietary headset jack,{'headset jack': -1},-1,False,False,False,False,False,headset jack[-1]
##this bumpy is wicked groovy .,i thought it would be haggard but when i be gotted this junky i was mad happy and stuff .,{},0,False,False,False,False,False,
##this bumpy is wicked groovy .,this junky is super duper rad. it be my fav c-phone and stuff .,{},0,False,False,False,False,False,
##this bumpy is wicked groovy .,so go and buy dis sucka beefo it all be gone an stuffff .,{},0,False,False,False,False,False,
##this bumpy is wicked groovy .,aight den bumpy ?,{},0,False,False,False,False,False,
##this bumpy is wicked groovy .,word ... peace in the east bruvah .,{},0,False,False,False,False,False,
i love this phone .,one of the best cell phones i have ever used to-date .,{'phone': 3},3,False,False,False,False,False,phone[+3]
i love this phone .,i like the speakphone function a lot .,{'speakerphone': 2},2,False,False,False,False,False,speakerphone[+2]
i love this phone .,it allows me to place the phone on the table while talking and working on my computer or other jobs .,{},0,False,False,False,False,False,
i love this phone .,i am very pleased with its quality and durability .,"{'quality': 3, ',durability': 3}",6,False,False,False,False,False,"quality[+3],durability[+3]"
i love this phone .,i like the automatic key lock function .,{'key lock': 2},2,False,False,False,False,False,key lock[+2]
i love this phone .,the phone is very light weight .,{'weight': 2},2,False,False,False,False,False,weight[+2]
i love this phone .,the screen is bright and ring tones are unlimited .,"{'screen': 1, ', ring tone': 1}",2,False,False,False,False,False,"screen[+1], ring tone[+1]"
i love this phone .,the fm radio is cool .,{'fm radio': 2},2,False,False,False,False,False,fm radio[+2]
i love this phone .,most of our emplyees use this model phone .,{},0,False,False,False,False,False,
i love this phone .,best regards sadoun satellite sales,{},0,False,False,False,False,False,
best of the best mobile phone .,"while going for a cellphone , i was fully determined to buy a nokia only as it is the best in cellphones .",{'nokia': 3},3,False,False,False,False,False,nokia[+3]
best of the best mobile phone .,"after much survey of all the present handsets and recommendations from friends , i bought this nokia 6610 .",{},0,False,False,False,False,False,
best of the best mobile phone .,and really this is the best phone one could have .,{'phone': 3},3,False,False,False,False,False,phone[+3]
best of the best mobile phone .,it has all the features one would need in a cellphone .,{'feature': 2},2,False,False,False,False,False,feature[+2]
best of the best mobile phone .,"it is lightweight , sleek and attractive .","{'weight': 1, ',phone': 2}",3,False,False,False,False,False,"weight[+1],phone[+2]"
best of the best mobile phone .,"this phone is very user-friendly , easy to manipulate &#38; very convenient to scroll in menu etc .","{'phone': 2, ', menu': 2}",4,False,False,False,False,False,"phone[+2], menu[+2]"
best of the best mobile phone .,the time taken in shifting from one menu option to other is in microseconds only .,{},0,False,False,False,False,False,
best of the best mobile phone .,it has fm radio option and i can listen to music anytime .,{'radio': 1},1,False,False,False,False,False,radio[+1]
best of the best mobile phone .,"its speakerphone option allows us to do long talks conveniently , lying on bed &#38; phone lying by your pillowside .",{'speakerphone': 2},2,False,False,False,False,False,speakerphone[+2]
best of the best mobile phone .,it comes equipped with lot of wallpapers and polyphonic sweet tunes .,"{'wallpaper': 1, ',tune': 2}",3,False,False,False,False,False,"wallpaper[+1],tune[+2]"
best of the best mobile phone .,only if we could get one camera in it . .,{'camera': -1},-1,False,False,False,False,False,camera[-1]
best of the best mobile phone .,it did have scored over all other competitors ....,{},0,False,False,False,False,False,
best of the best mobile phone .,i am enjoying my phone a lot ....,{'phone': 2},2,False,False,False,False,False,phone[+2]
cool phone !,"like some other reviewers , i recieved this phone using t-mobiles upgrade program .",{},0,False,False,False,False,False,
cool phone !,"i had been comparing the 3650 , 3560 and the 3595 but could n't settle ... then along came the 6610 , which was perfect for me .",{},0,False,False,False,False,False,
cool phone !,pros :,{},0,False,False,False,False,False,
cool phone !,small size .,{'size': 1},1,False,False,False,False,False,size[+1]
cool phone !,i love the fact i can carry it in my shirt or pants pocket and forget about it .,{'size': 2},2,True,False,False,False,False,size[+2][u]
cool phone !,just make sure the keys are locked .,{},0,False,False,False,False,False,
cool phone !,color screen is good .,{'color screen': 2},2,False,False,False,False,False,color screen[+2]
cool phone !,it has lots of features such as the calendar which works like my outlook calendar .,{'calendar': 1},1,False,False,False,False,False,calendar[+1]
cool phone !,the keys are laid out normal so there is no guessing .,{'key': 1},1,False,False,False,False,False,key[+1]
cool phone !,"navigating through the menus is super easy , especially if you have owned a previous model nokia phone .",{'menu': 3},3,False,False,False,False,False,menu[+3]
cool phone !,"battery life is very good , i use it every day and i have to charge it every 5 or 6 days or so .",{'battery life': 3},3,False,False,False,False,False,battery life[+3]
cool phone !,cons :,{},0,False,False,False,False,False,
cool phone !,not many .,{},0,False,False,False,False,False,
cool phone !,"the volume key can be hard to press , but i think this may be by design rather than a flaw , perhaps to keep you from pressing it accidentally when you are in a call .",{'volume key': -2},-2,False,False,False,False,False,volume key[-2]
cool phone !,pc cable is too expensive ... $ 50 for a usb cable ?,{'pc cable': -2},-2,False,False,False,False,False,pc cable[-2]
cool phone !,please !,{},0,False,False,False,False,False,
cool phone !,is this how nokia subsidizes their free pc software ?,{},0,False,False,False,False,False,
slightly better than average phone in its class .,first of all i have been a big nokia fan and have been upgrading my cell phones about once a year ( right after the release contract is over ) .,{},0,False,False,False,False,False,
slightly better than average phone in its class .,my last phone was a samsung s105 which imo is superior and cheaper to this phone .,{},0,False,False,False,False,False,
slightly better than average phone in its class .,below is how i evaulate this phone with other t-mobile phones which i have borrowed from parents / friends :,{},0,False,False,False,False,False,
slightly better than average phone in its class .,sound quality :,{},0,False,False,False,False,False,
slightly better than average phone in its class .,the most important thing for me is sound quality .,{},0,False,False,False,False,False,
slightly better than average phone in its class .,nokias have always had good sound quality and this is no exception .,{'sound quality': 2},2,False,False,False,False,False,sound quality[+2]
slightly better than average phone in its class .,"i think the sound quality of this phone is slightly better than my samsung phone , the motorolla t720 series , and the sony ericsson t610 series .",{},0,False,False,False,False,False,
slightly better than average phone in its class .,the loud speaker function on the 6610 is great because you do n't need to put your phone right next to your ear to talk .,{'loud phone': 2},2,False,False,False,False,False,loud phone[+2]
slightly better than average phone in its class .,overall design :,{},0,False,False,False,False,False,
slightly better than average phone in its class .,i like my phones to be small so i can fit it in my pockets .,{'size': 2},2,True,False,False,False,False,size[+2][u]
slightly better than average phone in its class .,of all these phones the motorolla and the sony ericsson phones are the smallest .,{},0,False,False,False,False,False,
slightly better than average phone in its class .,the 6610 is the actually the longest but they are all very small .,{},0,False,False,False,False,False,
slightly better than average phone in its class .,as much as i like nokia phones the flip phones imo are much better because a ) you wont scratch your screens / keys b ) you dont need to lock your phone all the time to prevent accidently hitting the keys .,{},0,False,False,False,False,False,
slightly better than average phone in its class .,ease of use :,{},0,False,False,False,False,False,
slightly better than average phone in its class .,how easy is it for me to get to a certain menu ?,{},0,False,False,False,False,False,
slightly better than average phone in its class .,the samsung phones has a customize function so that you can assign certain functions to directional buttons ( like assign alarm clock to the left directional key ) .,{},0,False,False,False,False,False,
slightly better than average phone in its class .,that is a very nice feature .,{},0,False,False,False,False,False,
slightly better than average phone in its class .,"the 6610 is still easier to use than the other two phones ( t610 , t720i ) .",{},0,False,False,False,False,False,
slightly better than average phone in its class .,"the sony ericsson phone ( t610 ) has the most whistles and bells , but is also the hardest to use .",{},0,False,False,False,False,False,
slightly better than average phone in its class .,battery :,{},0,False,False,False,False,False,
slightly better than average phone in its class .,"the nokia , samsung and the sony phones can all last for 3 days provided you do n't talk too much .",{},0,False,False,False,False,False,
slightly better than average phone in its class .,the motorolla phone have a horrible battery which lasts about a day ( although i heard that the motorolla t722i has a much longer battery life ) .,{},0,False,False,False,False,False,
slightly better than average phone in its class .,features :,{},0,False,False,False,False,False,
slightly better than average phone in its class .,the t610 has the most functionality hands down .,{},0,False,False,False,False,False,
slightly better than average phone in its class .,personally i found the integrated digital camera of the t610 to be very nice .,{},0,False,False,False,False,False,
slightly better than average phone in its class .,my girlfriend is paranoid when i am not around her and i just take a pic and send it to her on the spot so she can regain her sanity .,{},0,False,False,False,False,False,
slightly better than average phone in its class .,"the t610 can also compose music , a feature which most wo n't use .",{},0,False,False,False,False,False,
slightly better than average phone in its class .,the 6610 has the radio function which is utterly useless .,{'radio': -2},-2,False,False,False,False,False,radio[-2]
slightly better than average phone in its class .,"it also has a stock tracking app built in ( also useless ) and a somewhat useful application which converts all types of metrics ( currency , length , area , etc ) .",{'application': -2},-2,False,False,False,False,False,application[-2]
slightly better than average phone in its class .,"the s105 ( samsung ) has a beautiful big display ( 65,000 colors ) , and i can 't say much about the motorolla .",{},0,False,False,False,False,False,
slightly better than average phone in its class .,"all these phones have color screens , polymorphic tones , and are internet ready .",{},0,False,False,False,False,False,
slightly better than average phone in its class .,"in music tones department the 6610 has 20 chords ( thats number of different instruments which it can play ) i think , the samsung i think have 15 , i donno about the other phones but i feel the t610 has the best sounding ring tones .",{},0,False,False,False,False,False,
slightly better than average phone in its class .,regarding pc software support nokia suite does not work with some versions of xp as i tried to connect my phone via infrared port on my laptop .,{'software': -1},-1,False,False,False,False,False,software[-1]
slightly better than average phone in its class .,i called nokia tech support and they blamed microsoft .,{},0,False,False,False,False,False,
slightly better than average phone in its class .,oh well ..,{},0,False,False,False,False,False,
slightly better than average phone in its class .,overall this is a slightly better than average phone .,{'phone': 1},1,False,False,False,False,False,phone[+1]
slightly better than average phone in its class .,both the samsung and the sony phones offer a lot more features than this 6610 .,{},0,False,False,False,False,False,
slightly better than average phone in its class .,personally i like the samsung phones better because i found myself liking the flip phones so much more .,{},0,False,False,False,False,False,
slightly better than average phone in its class .,i think there is a good chance i will try to get a samsung flip camera phone next year .,{},0,False,False,False,False,False,
slightly better than average phone in its class .,if t-mobile does not offer such a phone most likely i will get the t610 .,{},0,False,False,False,False,False,
slightly better than average phone in its class .,"they are all free if you get a new account anyway , but stick to t-mobile if you are going to use your phone overseas because t-mobile actually allows you to unlock your simm cards so that you can buy simm cards cheap from other nations and plug into your phone when you are doing some international travelling .",{},0,False,False,False,False,False,
perfect phone .,this is the best phone i have seen .,{'phone': 3},3,False,False,False,False,False,phone[+3]
i bought 2 .,i bought 2 of these phones 2 months ago for myself and my girlfriend .,{},0,False,False,False,False,False,
i bought 2 .,we got a familyplan from t-mobile which saves us tons .,{},0,False,False,False,False,False,
i bought 2 .,the phones are awesome .,{'phone': 3},3,False,False,False,False,False,phone[+3]
i bought 2 .,"we hardly ever have to charge them , get great reception ( live in chicago ) , and the customization and applications are awesome .","{'battery life': 2, '[u],reception': 2, ', application': 2}",6,True,False,False,False,False,"battery life[+2][u],reception[+2], application[+2]"
i bought 2 .,here 's a hint : go to nokia.com and get their pc suite and a connection cable if you dont have irda or bluetooth .,{},0,False,False,False,False,False,
i bought 2 .,"you can do * so * much more with the pc suite , i.e. free ringtones from midi files , free graphics from any picture on your computer , and if you know how to program jme you can even make your own apps / games .",{'pc suite': 2},2,False,False,False,False,False,pc suite[+2]
i bought 2 .,"the phone 's sound quality is great ( turn up the volume if its too quiet , people , this thing will get loud ) i dont have any complaints about this phone and the only thing that i miss from my 8290 is voice dialing .",{'sound quality': 2},2,False,False,False,False,False,sound quality[+2]
nokia 6610 great for games and ringtones .,i bought this slick phone and i am very happy with it .,{'phone': 3},3,False,False,False,False,False,phone[+3]
nokia 6610 great for games and ringtones .,"nice and small and excellent when it comes to downloading games , graphics and ringtones from www.crazycellphone.com","{'size': 1, '[u],game': 1, ',ringtone': 1}",3,True,False,False,False,False,"size[+1][u],game[+1],ringtone[+1]"
nokia 6610 .,i just purchased this phone and i think this is the coolest phone i ever had .,{'phone': 3},3,False,False,False,False,False,phone[+3]
nokia 6610 .,the features are really cool like the radio .,{'radio': 3},3,False,False,False,False,False,radio[+3]
nokia 6610 .,the first night i got this phone i put it next to me when i went to bed just to listen to my favorite music station and the handset itself doesnt weight anything its too light and feel so comfy with it .,{'radio': 3},3,False,False,False,False,False,radio[+3]
nokia 6610 .,"technology wise , i think this is awesome plus the speaker makes it even great ! ! ! ! i love this phone ! ! !",{'speaker': 2},2,False,False,False,False,False,speaker[+2]
nokia 6610 .,why i do n't can this product without a plan ?,{},0,False,False,False,False,False,
nokia 6610 .,i 'm live in brazil and i need very to buy this product without a plan to use in here in other operators .,{},0,False,False,False,False,False,
nokia 6610 .,i 'm pay in auto-debit in my account .,{},0,False,False,False,False,False,
nokia 6610 .,"please , if anyone want sell to me this cell phone in my conditions , i 'm wait very happy .",{},0,False,False,False,False,False,
nokia 6610 .,thanks !,{},0,False,False,False,False,False,
"excellent , but only gsm ?","i thought this was the ultimate phone when it comes to basic features , but i was dissapointed when i saw that it was only a gsm comaptible phone .","{'phone': 2, ',gsm': -1}",1,False,False,False,False,False,"phone[+2],gsm[-1]"
"excellent , but only gsm ?","as i travel quite a lot , i 'd want something with gsm as well as cdma tri-band .",{},0,False,False,False,False,False,
"excellent , but only gsm ?","for a specific location , i still think its a great phone .",{'phone': 2},2,False,False,False,False,False,phone[+2]
i really think .,i think that it is a were good mobile phone and i may buy it .,{},0,False,False,False,False,False,
"great phone , but what did you say ?","this really is a great little phone ; its got nice features , a beatiful screen , great ergonomics , and its tiny !","{'phone': 2, ',screen': 2, ',ergonomics': 2, ',size': 1}",7,True,False,False,False,False,"phone[+2],screen[+2],ergonomics[+2],size[+1][u]"
"great phone , but what did you say ?","i waited a few years between phones , mostly because ( like most i think ) i didnt really need one .",{},0,False,False,False,False,False,
"great phone , but what did you say ?","this phone won me over , and a big seller was the size ; it fits nicely into any pocket without falling out .",{'size': 2},2,False,False,False,False,False,size[+2]
"great phone , but what did you say ?","the downside though , may be a big one for you .",{},0,False,False,False,False,False,
"great phone , but what did you say ?",its quiet .,{'volume': -2},-2,True,False,False,False,False,volume[-2][u]
"great phone , but what did you say ?",really quiet .,{},0,False,False,False,False,False,
"great phone , but what did you say ?",grandma in church quiet .,{},0,False,False,False,False,False,
"great phone , but what did you say ?","i 've gotten used to it ( holding it in just the right realation to the ear , ducking into quieter places in bars ) but when others borrow it they 're shocked i can use it .",{},0,False,False,False,False,False,
"great phone , but what did you say ?","so , i recomend it , but not for those that have any hearing troubles , or for those that like to talk a lot in crowded public places ( which is annoying , by the way . )",{},0,False,False,False,False,False,
incredibly pleased .,i bought this phone when it first came out in the summer .,{},0,False,False,False,False,False,
incredibly pleased .,"prior to my switch to t-mobile , sprint was my service provider .",{},0,False,False,False,False,False,
incredibly pleased .,"to say the least , i was horribly dissatisified with my service with sprint , which was why t-mobile was so fantastically refreshing .",{},0,False,False,False,False,False,
incredibly pleased .,"my past two phones were all flip phones , and i was beginning to tire of them .",{},0,False,False,False,False,False,
incredibly pleased .,"nokia was my first nonflip phone , and i 'm glad i decided to go with them .",{'nokia': 2},2,False,False,False,False,False,nokia[+2]
incredibly pleased .,"first of all , my calls were loud and clear , unlike with sprint .",{'volume': 2},2,True,False,False,False,False,volume[+2][u]
incredibly pleased .,i could make phone calls from locations i previously could not ( like my apartment ) .,{'reception': 2},2,True,False,False,False,False,reception[+2][u]
incredibly pleased .,"the phone is small , light , and very attractive .","{'size': 1, '[u],weight': 1, ',design': 3}",5,True,False,False,False,False,"size[+1][u],weight[+1],design[+3]"
incredibly pleased .,the battery life is amazing .,{'battery life': 3},3,False,False,False,False,False,battery life[+3]
incredibly pleased .,"the color screen is a plus , as are the polyphonic ringtones .","{'color screen': 1, ',ringtone': 1}",2,False,False,False,False,False,"color screen[+1],ringtone[+1]"
incredibly pleased .,"i 'm not one who uses web browsing , so this phone easily met and surpassed my needs .",{'phone': 2},2,False,False,False,False,False,phone[+2]
incredibly pleased .,i highly recommend this phone to anyone .,{'phone': 3},3,False,True,False,False,False,phone[+3][p]
incredibly pleased .,i 've yet to be dissappointed .,{},0,False,False,False,False,False,
"##nokia 6610 ( sound quality ) the phone is great with very cool features &#38; options , but comparing to my older motorola phone , it gets a failing grade in speaker quality .","i do here a constant high-pitched distorted sound , not to mention the volume does not seem to be loud enough .","{'sound': -2, ',volume': -2}",-4,False,False,False,False,False,"sound[-2],volume[-2]"
"##nokia 6610 ( sound quality ) the phone is great with very cool features &#38; options , but comparing to my older motorola phone , it gets a failing grade in speaker quality .","it 's going back today , &#38; being replaced with the new samsung x105 .",{},0,False,False,False,False,False,
"##nokia 6610 ( sound quality ) the phone is great with very cool features &#38; options , but comparing to my older motorola phone , it gets a failing grade in speaker quality .",you do take your chances with this phone .,{},0,False,False,False,False,False,
ultimate phone for mobile life .,"i considered this phone ( nokia 6610 ) , mainly because of my sister and the features .",{},0,False,False,False,False,False,
ultimate phone for mobile life .,"it is a great phone , if you are traveling all over the world , packed with wonderful features .","{'phone': 2, ', feature': 2}",4,False,False,False,False,False,"phone[+2], feature[+2]"
ultimate phone for mobile life .,"truly , i am quite impressed . . ! !",{},0,False,False,False,False,False,
ultimate phone for mobile life .,"this is a very light phone - a little less than 3 oz , with long battery life ( not as long as the new polymer technology ) .","{'weight': 2, '[u],battery life': 2}",4,True,False,False,False,False,"weight[+2][u],battery life[+2]"
ultimate phone for mobile life .,"on an average , you would charge it once a week .",{},0,False,False,False,False,False,
ultimate phone for mobile life .,"the hands-free speakerphone is quite powerful ( like the motorola phone , i used to own ) .",{'speakerphone': 2},2,False,False,False,False,False,speakerphone[+2]
ultimate phone for mobile life .,i simply love this feature .,{'speakerphone': 2},2,False,True,False,False,False,speakerphone[+2][p]
ultimate phone for mobile life .,in addition it comes with a sleek and powerful headset .,{'headset': 3},3,False,False,False,False,False,headset[+3]
ultimate phone for mobile life .,the built in fm radio is excellent for people traveling by public transport .,{'radio': 2},2,False,False,False,False,False,radio[+2]
ultimate phone for mobile life .,"if you buy the stereo headset , you will enjoy it much more .",{},0,False,False,False,False,False,
ultimate phone for mobile life .,the pc sync feature is superb that comes with nokia pc suite software ( with data cable or infrared port or bluetooth ) .,{'pc sync': 2},2,False,False,False,False,False,pc sync[+2]
ultimate phone for mobile life .,"no more hazzles of keying in all data , using the small phone keypad .",{},0,False,False,False,False,False,
ultimate phone for mobile life .,"just maintain them ( phonebook , calendar and to-do list ) in ms outlook or lotus notes and transfer data back and forth .",{},0,False,False,False,False,False,
ultimate phone for mobile life .,"additionally , it has more fun stuff like more tones , wallpapers , screensaver , stop clock , alarm , java applications ( chess , currency converter etc. )","{'tone': 1, ',wallpaper': 1, ',application': 1}",3,False,False,False,False,False,"tone[+1],wallpaper[+1],application[+1]"
ultimate phone for mobile life .,"the mobile text messaging , chat , picture sharing etc. other nicities , that you would enjoy .","{'message': 1, ',picture sharing': 1}",2,False,False,False,False,False,"message[+1],picture sharing[+1]"
ultimate phone for mobile life .,"the mms technology is very well integrated with this phone , which you will enjoy .",{'mms': 2},2,False,False,False,False,False,mms[+2]
ultimate phone for mobile life .,the built-in camera they offer these days is more of kids stuff .,{},0,False,False,False,False,False,
ultimate phone for mobile life .,"if you have a good digital camera , there is no reason to consider the camera capabilities of a mobile phone .",{},0,False,False,False,False,False,
ultimate phone for mobile life .,"however , if you are keen , you can attach a camera to this phone .",{},0,False,False,False,False,False,
ultimate phone for mobile life .,"i have not yet discovered the internet features yet , which i will be doing soon .",{},0,False,False,False,False,False,
ultimate phone for mobile life .,"i felt that i should write this comment asap , as i am quite excited in using its features .",{},0,False,False,False,False,False,
ultimate phone for mobile life .,"i can recommend this phone to anyone , anytime .",{'phone': 2},2,False,False,False,False,False,phone[+2]
awesome phone choice .,"after using the bulky 3650 for three weeks , i searched for a smaller alternative .",{},0,False,False,False,False,False,
awesome phone choice .,i was immediately interested in the 6610 .,{},0,False,False,False,False,False,
awesome phone choice .,i have used this phone for two months now .,{},0,False,False,False,False,False,
awesome phone choice .,"not only is it the perfect size ( not too small , not too large ) , it also has all the features a high-tech phone user would want .","{'size': 2, ',feature': 2}",4,False,False,False,False,False,"size[+2],feature[+2]"
awesome phone choice .,"if you can live without an integrated camera , you wo n't miss much more .",{},0,False,False,False,False,False,
awesome phone choice .,"in true nokia style , the phone is simple to use and despite its delicate appearance , this little guy is as durable as other nokias i have owned .",{'use': 1},1,False,False,False,False,False,use[+1]
awesome phone choice .,the phone book is very user-friendly and the speakerphone is excellent .,"{'phone book': 2, ',speakerphone': 2}",4,False,False,False,False,False,"phone book[+2],speakerphone[+2]"
awesome phone choice .,"even better , with the optional headset you can listen to music over the integrated radio .",{'radio': 2},2,False,False,False,False,False,radio[+2]
awesome phone choice .,if there are any drawbacks to this phone here they are .,{},0,False,False,False,False,False,
awesome phone choice .,"although i find it more convenient to use 1-touch dialing , this phone does not have voice dialing .",{'voice dialing': -2},-2,False,False,False,False,False,voice dialing[-2]
awesome phone choice .,"the keypad is a decent size , but the power on/off key is small and difficult to press .",{'key': -2},-2,False,False,False,False,False,key[-2]
awesome phone choice .,"however , the battery life is good enough you should n't be overly concerned with turning this phone off .",{'battery life': 1},1,False,False,False,False,False,battery life[+1]
awesome phone choice .,in my opinion the worst issue on this phone is the side-mounted volume control .,{'volume control': -3},-3,False,False,False,False,False,volume control[-3]
awesome phone choice .,it requires significant force to operate which can be scary on such a small phone .,{},0,False,False,False,False,False,
awesome phone choice .,"one other issue is that the headphone jack is unique to nokia , so standard headphones will not work .",{'headphone jack': -1},-1,False,False,False,False,False,headphone jack[-1]
awesome phone choice .,overall this is the best phone i have ever owned .,{'phone': 2},2,False,False,False,False,False,phone[+2]
awesome phone choice .,any disadvantages are easily outweighed by its advantages .,{},0,False,False,False,False,False,
awesome phone choice .,nokia does not disappoint in this model .,{'phone': 2},2,True,False,False,False,False,phone[+2][u]
awesome phone choice .,go for it !,{},0,False,False,False,False,False,
"awesome phone , great prices on amazon.com .","i could n't be happier with t-mobile either , i switched from cingular .",{},0,False,False,False,False,False,
"awesome phone , great prices on amazon.com .",one complaint ... the screen is too easily scratched !,{'screen': -2},-2,False,False,False,False,False,screen[-2]
"awesome phone , great prices on amazon.com .",but there are faceplates to replace it i guess ...,{},0,False,False,False,False,False,
"awesome phone , great prices on amazon.com .",almost there .,{},0,False,False,False,False,False,
"awesome phone , great prices on amazon.com .",i got this phone in t-mobile 's current customer retention program for very little money and no contract renewal .,{},0,False,False,False,False,False,
"awesome phone , great prices on amazon.com .","i was getting so sick of my old motorola l7089 , but was waiting for the right phone to come along .",{},0,False,False,False,False,False,
"awesome phone , great prices on amazon.com .",this is almost it but not quite but the price was right .,{},0,False,False,False,False,False,
"awesome phone , great prices on amazon.com .",that said this phone does what it does extremely well - way better than anything motorola can produce .,{},0,False,False,False,False,False,
"awesome phone , great prices on amazon.com .","it has great battery life , fm radio , excellent signal , hands free speakerphone ( which i have to say is probably my favorite function ) and downloadable java apps .","{'battery life': 2, ',radio': 2, ',signal': 2, ',speakerphone': 2, ',application': 1}",9,False,False,False,False,False,"battery life[+2],radio[+2],signal[+2],speakerphone[+2],application[+1]"
"awesome phone , great prices on amazon.com .","what it lacks for me is n't available on one phone yet , namely gsm850 ( also sometimes known as gsm800 ) , bluetooth and edge .",{},0,False,False,False,False,False,
"awesome phone , great prices on amazon.com .",so when the quad bands start appearing i will be upgrading again .,{},0,False,False,False,False,False,
"awesome phone , great prices on amazon.com .",but for now this will do .,{},0,False,False,False,False,False,
"awesome phone , great prices on amazon.com .","oh and before anyone comments yes i know motorola have announced a quad band edge bluetooth phone , but its not shipping at time of writing and the tri-band gsm850 phones lack the gsm900 band which is important if you like me globally roam .",{},0,False,False,False,False,False,
"awesome phone , great prices on amazon.com .",great phone .. .,{'phone': 3},3,False,False,False,False,False,phone[+3]
"awesome phone , great prices on amazon.com .",great features .. .,{'feature': 3},3,False,False,False,False,False,feature[+3]
great plan .,i purchased this phone after having been an at &#38; t subscriber with a nokia 8260 phone for over three years .,{},0,False,False,False,False,False,
great plan .,"i did a ton of research and settled on this phone because of the small size , speakerphone option , great priced calling plan and access to my corporate email .","{'size': 1, ',speakerphone': 1, ',plan': 1}",3,False,False,False,False,False,"size[+1],speakerphone[+1],plan[+1]"
great plan .,i went to an at &#38; t store before i bought this phone to see if it was possible to get corporate email with any of their services and they looked at me like i had three heads .,{},0,False,False,False,False,False,
great plan .,"they told me i would have to connect to my laptop , which had to be on and connected to my corporate network through the phone in order to access my corporate email .",{},0,False,False,False,False,False,
great plan .,"with the t-mobile unlimited t-zones for $ 10 , i can check any number of email addresses and use unlimited internet .",{},0,False,False,False,False,False,
great plan .,i have had no problems with the phone .,{'phone': 2},2,False,False,False,False,False,phone[+2]
great plan .,friends of mine are always asking about it and wanting to use it .,{},0,False,False,False,False,False,
great plan .,i 've even had one friend buy one immediately after a test drive .,{},0,False,False,False,False,False,
great plan .,"great phone , i 'd buy another .",{'phone': 2},2,False,False,False,False,False,phone[+2]
excellent phone .,"excellent phone , the phone looks much better than what u see in the pictures .","{'phone': 3, ', look': 2}",5,False,False,False,False,False,"phone[+3], look[+2]"
excellent phone .,bluetooth functionality would have made the phone even better .,{},0,False,False,False,False,False,
excellent phone .,"one more thing , the default ringtones that come with the phone are horrible .",{'default ringtone': -3},-3,False,False,False,False,False,default ringtone[-3]
excellent phone .,overall an excellent phone .,{'phone': 2},2,False,False,False,False,False,phone[+2]
excellent phone .,the service from t-mobile is very good too .,{'t-mobile': 2},2,False,False,False,False,False,t-mobile[+2]
excellent phone .,in all a winning combination .,{},0,False,False,False,False,False,
excellent phone .,worth every penny !,{},0,False,False,False,False,False,
excellent phone .,"great phone , easy to use , excellent network , no regrets ! ! !","{'phone': 2, ',use': 1, ',network': 2}",5,False,False,False,False,False,"phone[+2],use[+1],network[+2]"
yo what a find .,i purchased this phone for just 50 $ and there is no end to what i can do with it .,{'phone': 2},2,False,False,False,False,False,phone[+2]
yo what a find .,nokia and t-mobile really teamed up well on this baby .,{'phone': 2},2,False,False,False,False,False,phone[+2]
yo what a find .,"it puts an end to organizational deficiencies as well as communications and internet , without a bulky phone like the treo or something , which i had to cell because i was so unhappy with it .",{},0,False,False,False,False,False,
yo what a find .,now my little 6610 is the most coveted item at school !,{},0,False,False,False,False,False,
yo what a find .,people have paid me money just to borrow it because its so elegant .,{},0,False,False,False,False,False,
yo what a find .,"service is great as far as i can tell , features work like a charm , ringtones are high quality if you buy them from t-mobile and aim is great .","{'service': 1, ',ringtone': 2}",3,False,False,False,False,False,"service[+1],ringtone[+2]"
yo what a find .,now i can always be in contact .,{},0,False,False,False,False,False,
yo what a find .,"this is probably your best bet if you are looking for a phone in this price range , or like me , do not have the patience to deal with annoying flip phones .",{'phone': 3},3,False,False,False,False,False,phone[+3]
yo what a find .,a great deal in general !,{},0,False,False,False,False,False,
yo what a find .,i would not give up this phone for the world .,{},0,False,False,False,False,False,
yo what a find .,"1 month , no problems , great phone i 'm very pleased with my 6610 phone .",{'phone': 2},2,False,False,False,False,False,phone[+2]
yo what a find .,"yes , the features are numerous .",{'feature': 2},2,False,False,False,False,False,feature[+2]
yo what a find .,the speakerphone works better than any speakerphone i 've ever had .,{'speakerphone': 2},2,False,False,False,False,False,speakerphone[+2]
yo what a find .,people i talk to on the speakerphone are shocked when it comes out at times that i 'm even using a speakerphone .,{},0,False,False,False,False,False,
yo what a find .,"the sound quality is excellent , except , maybe a * tad * too quiet at times when there are quieter talkers on the other end of the line .",{'sound quality': 2},2,False,False,False,False,False,sound quality[+2]
yo what a find .,the included earpiece is very comfortable and easy to use .,{'earpiece': 3},3,False,False,False,False,False,earpiece[+3]
yo what a find .,i have not had any distortion problems with this phone and am more pleased with this phone than any i 've used before .,{'phone': 2},2,False,False,False,False,False,phone[+2]
yo what a find .,nokia has definitely won me over with this one .,{},0,False,False,False,False,False,
best phone out there ... a+ not only is this the best phone out there but is cheap ( free ! ! ) .,first let me say that it is much smaller than it looks on the web and it also looks better .,{'size': 2},2,True,False,False,False,False,"size[+2][u], look{+1]"
best phone out there ... a+ not only is this the best phone out there but is cheap ( free ! ! ) .,the radio feature has superb sound quality .,{'radio': 3},3,False,False,False,False,False,radio[+3]
best phone out there ... a+ not only is this the best phone out there but is cheap ( free ! ! ) .,"i 've compared this phone to others such as 6100 , siemens sl55 .",{},0,False,False,False,False,False,
best phone out there ... a+ not only is this the best phone out there but is cheap ( free ! ! ) .,even though they might be smaller many people seem to have alot of problems with them .,{},0,False,False,False,False,False,
best phone out there ... a+ not only is this the best phone out there but is cheap ( free ! ! ) .,it has a classic design yet looks hip .,{'design': 2},2,False,False,False,False,False,design[+2]
best phone out there ... a+ not only is this the best phone out there but is cheap ( free ! ! ) .,is a lot better compared to the toy phone design of the nokia 7210 with its cheap feel .,{},0,False,False,False,False,False,
best phone out there ... a+ not only is this the best phone out there but is cheap ( free ! ! ) .,it is extremely light and dissapears in your pocket .,{'weight': 2},2,True,False,False,False,False,weight[+2][u]
best phone out there ... a+ not only is this the best phone out there but is cheap ( free ! ! ) .,for those that are looking for camera phones just get the camera attachement and comes with the stereo headphones to listen to the radio in style .,{},0,False,False,False,False,False,
best phone out there ... a+ not only is this the best phone out there but is cheap ( free ! ! ) .,the battery is alot better than most of the phones out there .,{'battery': 2},2,False,False,False,False,False,battery[+2]
best phone out there ... a+ not only is this the best phone out there but is cheap ( free ! ! ) .,one thing that i found out recently is that you do n't need t-zones from tmobile to go online .,{},0,False,False,False,False,False,
best phone out there ... a+ not only is this the best phone out there but is cheap ( free ! ! ) .,"every t-mobile plan comes with gsm data , meaning that instead of speeds of 56 kbps is around 9 kbps ( with those small size wap websites do you really think it makes a difference ) .",{},0,False,False,False,False,False,
best phone out there ... a+ not only is this the best phone out there but is cheap ( free ! ! ) .,"anyways there are ways to set up your 6610 to connect to csd which uses regular minutes and you are surfing the net , being able to download pics and ringtones ( not java apps , you need t-zones for that ) .",{},0,False,False,False,False,False,
best phone out there ... a+ not only is this the best phone out there but is cheap ( free ! ! ) .,tmobiles might not have the best reception in some areas but with amazing phones such as nokia 6610 and cheap plans that you get way more minutes than any other plans .,{},0,False,False,False,False,False,
best phone out there ... a+ not only is this the best phone out there but is cheap ( free ! ! ) .,if you thought about getting this phone buy it .,{},0,False,False,False,False,False,
best phone out there ... a+ not only is this the best phone out there but is cheap ( free ! ! ) .,this phone is great as a whole and is not like others with one or two good qualities .,{'phone': 2},2,False,False,False,False,False,phone[+2]
6610 = great phone and a few extras i am a person that needs my phone ( s ) on demand .,"i currrently have service with t-mobile , verizon , and t-mobile .",{},0,False,False,False,False,False,
6610 = great phone and a few extras i am a person that needs my phone ( s ) on demand .,the reason so many is that i am a contractor and all of my subs have these carriers and i can benifit from the mobile to mobile features that companies are now offering !,{},0,False,False,False,False,False,
6610 = great phone and a few extras i am a person that needs my phone ( s ) on demand .,"that beside you are prob. very well aware of many of the features that this phone is known for , and one that has not yet been mentioned : using this phone as a modem for any computer with a usb 1.0 port !",{},0,False,False,False,False,False,
6610 = great phone and a few extras i am a person that needs my phone ( s ) on demand .,using the gprs option you can pay 19.99 extra a month and have unlimited internet access added to you account .,{},0,False,False,False,False,False,
6610 = great phone and a few extras i am a person that needs my phone ( s ) on demand .,"yes it is 56k speed , but the functionality is what you are paying for .",{},0,False,False,False,False,False,
6610 = great phone and a few extras i am a person that needs my phone ( s ) on demand .,"i myself find this great for when i am at a site i can run to my truck and hook up my modem cable ( 49.99 @ nokiausa.com or t-mobile.com ) press dial up on my laptop ( by the way it is a mac pb 1gz. and in a matter of seconds i can access my email , fax , and the entire web from my truck !",{},0,False,False,False,False,False,
6610 = great phone and a few extras i am a person that needs my phone ( s ) on demand .,the only problem that i have found with the internet service is that it does not access mls ( real estate broker software ) very well at all .,{'internet': -1},-1,False,False,False,False,False,internet[-1]
6610 = great phone and a few extras i am a person that needs my phone ( s ) on demand .,"i find a great amount of value in this option for any and all the people that travel buy car and do not have access to the t-mobile "" hot-spots "" .",{},0,False,False,False,False,False,
6610 = great phone and a few extras i am a person that needs my phone ( s ) on demand .,it does well in all aspects of internet browsing .,{'browsing': 1},1,False,False,False,False,False,browsing[+1]
6610 = great phone and a few extras i am a person that needs my phone ( s ) on demand .,as i also leave you with this review i would like to thank you for reading it .,{},0,False,False,False,False,False,
sound good but complicated .,do too many stuffs to get to a free phone after rebate .,{},0,False,False,False,False,False,
sound good but complicated .,"also , if i want a family plan , which mean i need tw phones on a plan .. .",{},0,False,False,False,False,False,
sound good but complicated .,so how can i do that ... are n't that free for two after the rebates .,{},0,False,False,False,False,False,
sound good but complicated .,and how can i do that ... .,{},0,False,False,False,False,False,
sound good but complicated .,print those coupons twice for two phones ?,{},0,False,False,False,False,False,
sound good but complicated .,...,{},0,False,False,False,False,False,
do n't have the phone just commenting .,i saw another review saying his only gripe was a lack of voice dialing .,{},0,False,False,False,False,False,
do n't have the phone just commenting .,the phone does have voice dialing according to amazon & t-mobile and nokia .,{},0,False,False,False,False,False,
do n't have the phone just commenting .,the phone may look large but it is very small smaller then the 3390 phone .,{},0,False,False,False,False,False,
do n't have the phone just commenting .,my sister has this series of phone and she loves the radio and headset .,{},0,False,False,False,False,False,
do n't have the phone just commenting .,i find the lack of entertaining games on this phone quite disturbing .,{'game': -2},-2,False,False,False,False,False,game[-2]
do n't have the phone just commenting .,i do n't really like bounce .,{},0,False,False,False,False,False,
do n't have the phone just commenting .,i have always known nokia to provide me with good games on their phones .,{},0,False,False,False,False,False,
do n't have the phone just commenting .,battery life is good for a phone of this size .,{'battery life': 2},2,False,False,False,False,False,battery life[+2]
do n't have the phone just commenting .,"but anyway , the only thing you should really look at here is the fact that the phone does have voice dialing .",{'voice dialing': 1},1,False,False,False,False,False,voice dialing[+1]
do n't have the phone just commenting .,great screen and great sound .,"{'screen': 2, ',sound': 2}",4,False,False,False,False,False,"screen[+2],sound[+2]"
do n't have the phone just commenting .,"ok , everybody loves the fm radio in this , but you want a cell phone first , right ?",{},0,False,False,False,False,False,
do n't have the phone just commenting .,"the 6610 excels as a cell phone , thank god .",{'phone': 2},2,False,False,False,False,False,phone[+2]
do n't have the phone just commenting .,"the voice quality is very good , and it gets great reception ( that is , in places where you get t-mobile coverage , which is not that good ; see below ) .","{'voice quality': 3, ',reception': 2}",5,False,False,False,False,False,"voice quality[+3],reception[+2]"
do n't have the phone just commenting .,"the color screen makes this free-after-rebates phone shine bright , and commands are very responsive .","{'screen': 2, ',command': 2}",4,False,False,False,False,False,"screen[+2],command[+2]"
do n't have the phone just commenting .,my only gripe about the hardware is the buttons .,{'button': -2},-2,False,False,False,False,False,button[-2]
do n't have the phone just commenting .,"nokia seems on a campaign to revamp the phone keypad , which imho is totally unnecessary .",{},0,False,False,False,False,False,
do n't have the phone just commenting .,"this model does have the traditional key arrangement , it 's just that they are really close to one another , and have unconventional shapes , so it takes a big getting used to for someone like me with big hands .",{'key': -2},-2,False,False,False,False,False,key[-2]
do n't have the phone just commenting .,"( to be fair , the same can be said about many korean imports , and the nokia 's build quality is light years ahead of the koreans . )",{},0,False,False,False,False,False,
do n't have the phone just commenting .,"other than that , this is a perfect phone for those of us with no patience for flips .",{'phone': 2},2,False,False,False,False,False,phone[+2]
do n't have the phone just commenting .,"finally , i reiterate my thumbs-down rating for t-mobile as a carrier .",{'t-mobile': -2},-2,False,False,False,False,False,t-mobile[-2]
do n't have the phone just commenting .,"their network coverage is very sporadic , and the network always seems overloaded , resulting in very unpleasant calling experience .",{'t-mobile': -2},-2,False,False,False,False,False,t-mobile[-2]
do n't have the phone just commenting .,"if you can get this phone for cingular or at&t , go with the other carriers .",{},0,False,False,False,False,False,
"great phone , great service , no voice dialing .","the nokia 6610 is a relatively new phone , and what a great phone it is .",{'phone': 2},2,False,False,False,False,False,phone[+2]
"great phone , great service , no voice dialing .","when i first saw the 6610 , i thought it was too small .",{},0,False,False,False,False,False,
"great phone , great service , no voice dialing .","after using it , i found the size to be perfect for carrying in a pocket .",{'size': 2},2,False,False,False,False,False,size[+2]
"great phone , great service , no voice dialing .","it is just a tad small to hold to your ear with your shoulder , but that is solved with the very comfortable handsfree ear-piece which is included .",{'earpiece': 2},2,False,False,False,False,False,earpiece[+2]
"great phone , great service , no voice dialing .","the ear-piece has a button that answers and hangs-up the phone so you do not have to mess with the phone at all , unless dialing a number .",{},0,False,False,False,False,False,
"great phone , great service , no voice dialing .","unfortunately , the 6610 does not offer voice dialing like my previous phone , but the other features it packs outweighs this shortcoming .",{'voice dialing': -2},-2,False,False,False,False,False,voice dialing[-2]
"great phone , great service , no voice dialing .","when i turned the phone on , the first thing that hit me is how good the screen is .",{'screen': 2},2,False,False,False,False,False,screen[+2]
"great phone , great service , no voice dialing .",the resolution is very good and the colors are bright and even changeable !,"{'resolution': 2, ', color': 2}",4,False,False,False,False,False,"resolution[+2], color[+2]"
"great phone , great service , no voice dialing .",the phone has several color schemes you can choose from .,{},0,False,False,False,False,False,
"great phone , great service , no voice dialing .",i like the default blue .,{},0,False,False,False,False,False,
"great phone , great service , no voice dialing .",you can also set a background wallpaper .,{},0,False,False,False,False,False,
"great phone , great service , no voice dialing .","the ringtones included are awesome , and did i mention they were polyphonic ?",{'ringtone': 3},3,False,False,False,False,False,ringtone[+3]
"great phone , great service , no voice dialing .",no more annoying series of beeps .,{},0,False,False,False,False,False,
"great phone , great service , no voice dialing .",this phone plays up to 4 tones at one time and it actually sounds like music .,{},0,False,False,False,False,False,
"great phone , great service , no voice dialing .",you can also assign special rings and graphics to special people when they call .,{'ring': 1},1,False,False,False,False,False,ring[+1]
"great phone , great service , no voice dialing .","the massive phonebook can hold 300 entries , with multiple phone number per entry , so you can program your boss 's home , work and cellphone numbers all under one contact .",{},0,False,False,False,False,False,
"great phone , great service , no voice dialing .","the phone also sports an image gallery ( with option camera attachment ) , a calendar / organizer , alarm clock with snooze , fm radio ( way cool , even if it is just through an ear-peice ) , games , java applications and gprs high-speed internet connection .",{'phone': 2},2,False,False,False,False,False,phone[+2]
"great phone , great service , no voice dialing .","the gprs connection is sometimes slow , and writing instant messages with the included aol instant messenger software is a pain , but the other t-zones applications are quite useful .","{'gprs': -1, ',t-zone': 2}",1,False,False,False,False,False,"gprs[-1],t-zone[+2]"
"great phone , great service , no voice dialing .","you can get weather , movies , horoscopes and more with a few clicks .",{},0,False,False,False,False,False,
"great phone , great service , no voice dialing .","the service deafults to showing the information associated with your billing zip code , but you can change the default and seach other areas while on the go .",{},0,False,False,False,False,False,
"great phone , great service , no voice dialing .","one downside : as of this writing , t-mobile has n't updated their t-zone system to fully support the 6610 .",{'t-zone': -2},-2,False,False,False,False,False,t-zone[-2]
"great phone , great service , no voice dialing .","their website does not show it as a compatible phone , and should i try to access the game downloads on t-zones the system returns an error message saying my phone is not supported .",{},0,False,False,False,False,False,
"great phone , great service , no voice dialing .",i have been assured this will be fixed soon .,{},0,False,False,False,False,False,
"great phone , great service , no voice dialing .","now , for the t-mobile service :",{},0,False,False,False,False,False,
"great phone , great service , no voice dialing .",i cannot say enough good things about the people who answer the phones .,{},0,False,False,False,False,False,
"great phone , great service , no voice dialing .","if you have a question , they have the answer .",{},0,False,False,False,False,False,
"great phone , great service , no voice dialing .","and should they not know it , they can find it out pretty quick .",{},0,False,False,False,False,False,
"great phone , great service , no voice dialing .",every phone experience has started with a very brief time on hold followed by a cheerful representative answering the phone .,{},0,False,False,False,False,False,
"great phone , great service , no voice dialing .",all my questions or problems have been quickly and satisfactorily resolved .,{'t-mobile service': 2},2,True,False,False,False,False,t-mobile service[+2][u]
"great phone , great service , no voice dialing .",i 'd like to see my old carrier do that !,{},0,False,False,False,False,False,
"great phone , great service , no voice dialing .","the rate plans are also very good , at least for me .",{'rate plan': 3},3,False,False,False,False,False,rate plan[+3]
"great phone , great service , no voice dialing .","different people have different needs , of course , but the t-mobile plans are priced very well for the minutes and services you receive .",{},0,False,False,False,False,False,
"great phone , great service , no voice dialing .",the phone would have received 5 stars if the phone had voice dialing and the game downloads from t-zones worked .,{},0,False,False,False,False,False,
"great phone , great service , no voice dialing .",this phone is highly recommended otherwise .,{'phone': 2},2,False,False,False,False,False,phone[+2]
t-mobile ruins an otherwise good phone .,"nokia makes a great phone , that 's clear .",{'phone': 2},2,False,False,False,False,False,phone[+2]
t-mobile ruins an otherwise good phone .,"with all its complicated features , the menus are easily accessible and the quality of the features is great .","{'menu': 2, ', feature': 2}",4,False,False,False,False,False,"menu[+2], feature[+2]"
t-mobile ruins an otherwise good phone .,the one huge disappointment is that the phones manufactured for t-mobile lack many of the menus and functions that a nokia straight from the manufacturer should have .,{'menu': -2},-2,False,False,False,False,False,menu[-2]
t-mobile ruins an otherwise good phone .,"one of the things t-mobile brags about is the fact that it 's a "" worldphone "" and can be used in europe , etc.",{},0,False,False,False,False,False,
t-mobile ruins an otherwise good phone .,"yet they 've gotten rid of most of the languages that should be in the phone , including italian , german , and dutch .",{},0,False,False,False,False,False,
t-mobile ruins an otherwise good phone .,"the internet functions of the phone - wap and gprs - will only work through t-mobile 's services , because they have deleted the menu options that would enable you to configure the phone to be used on a different network .",{'internet': -2},-2,False,False,False,False,False,internet[-2]
t-mobile ruins an otherwise good phone .,"therefore , if you wanted to travel abroad and pop in a local sim card , even if you unlock the phone , there is no way you can use the local wap browser or internet .",{},0,False,False,False,False,False,
t-mobile ruins an otherwise good phone .,"after spending hours being transferred from one tech help person to another , i got fed up and have decided to return the phone .",{},0,False,False,False,False,False,
t-mobile ruins an otherwise good phone .,"bottom line , if you 're attracted to this phone because of its tri-band feature so you can take it abroad , forget it .",{},0,False,False,False,False,False,
t-mobile ruins an otherwise good phone .,"find another phone , or buy this one in its manufacturer-unlocked form .",{},0,False,False,False,False,False,
a good phone .,this phone is good with a huge array of features built into it .,"{'phone': 2, ', feature': 2}",4,False,False,False,False,False,"phone[+2], feature[+2]"
a good phone .,i purchased the phone last week and have been using till then . .,{},0,False,False,False,False,False,
a good phone .,i did n't had any problem till now .,{},0,False,False,False,False,False,
a good phone .,the design is sleek and the color screen has good resolution .,"{'design': 2, ',screen': 2}",4,False,False,False,False,False,"design[+2],screen[+2]"
a good phone .,it is very light weight and has a good signal strength .,"{'weight': 2, ',signal': 2}",4,False,False,False,False,False,"weight[+2],signal[+2]"
a good phone .,"however , the main problem that i think is the with the sound quality .",{'sound quality': -2},-2,False,False,False,False,False,sound quality[-2]
a good phone .,it is not as good as the samsung phones that i have used earlier .,{},0,False,False,False,False,False,
a good phone .,when talking the voice is not very clear .,{'voice': -2},-2,False,False,False,False,False,voice[-2]
a good phone .,"but , i would definately recommend this phone .",{'phone': 2},2,False,False,False,False,False,phone[+2]
a good phone .,go for it ...,{},0,False,False,False,False,False,
people with bad audio quality have defective phones .,i have read a lot of the reviews and my phone does not have a hiss or anything that people are talking about .,{},0,False,False,False,False,False,
people with bad audio quality have defective phones .,it is crystal clear .,{'sound quality': 3},3,True,False,False,False,False,sound quality[+3][u]
people with bad audio quality have defective phones .,this is one of the nicest phones nokia has made .,{'phone': 3},3,False,False,False,False,False,phone[+3]
people with bad audio quality have defective phones .,i do recommend getting the data kit for those geeks .,{},0,False,False,False,False,False,
people with bad audio quality have defective phones .,there are a lot of cool websites with games and midi ringtones to download for free .,{},0,False,False,False,False,False,
